Product ID,Link
75411913,https://drive.google.com/drive/folders/11Oaven_ljpcppFOdIyam8M2z5VsLa_r8?usp=drive_link
75411902,https://drive.google.com/drive/folders/1tXfdjw1JfvQLgXg4mH44d700rHAaNR7S?usp=drive_link
75411890,https://drive.google.com/drive/folders/1VoJQKJMaCoXlfiazi2t597wQFA5g-UDw?usp=drive_link
75411864,https://drive.google.com/drive/folders/1pRikjCybRW0OfFOBY-06CrKWmObG3E88?usp=drive_link
75411844,https://drive.google.com/drive/folders/1CLSc-9Q4sVZKIpdA6EyaQwTz5JCKDzoA?usp=drive_link
75411788,https://drive.google.com/drive/folders/1xnSYrVhWSvIWgTF1YIye1RAPnh1qke3T?usp=drive_link
75382850,https://drive.google.com/drive/folders/1XaLw9rntc8_Rj6U2NfhFLdEcgdfUiou8?usp=drive_link
75382818,https://drive.google.com/drive/folders/1xStep261fPuzIJWRF4QW3RWcNkIcppK5?usp=drive_link
75382797,https://drive.google.com/drive/folders/1t6vZhfM-0BScZTuTdgxIfRfphRhZxVjy?usp=drive_link
75380846,https://drive.google.com/drive/folders/1b16HIpXeLU_ALKM3IaJ8MLqeQQ3O5ksy?usp=drive_link
75380749,https://drive.google.com/drive/folders/1stawvckmhA42fWTXglnGsy-iGKcnC91E?usp=drive_link
75380568,https://drive.google.com/drive/folders/1akXcW1d6VcCXiyBnD_Hc1sAVnGoJdGfF?usp=drive_link
75375858,https://drive.google.com/drive/folders/1T-IvP3G5ereVvAp2f08iCqtulHoTwm_K?usp=drive_link
75375819,https://drive.google.com/drive/folders/14dr9gVPZ-EaspQzc8Avs3wPBndjbznrH?usp=drive_link
75375782,https://drive.google.com/drive/folders/1B59ZrYlFi4iA_pFNRIDvUgIHLktQXuZL?usp=drive_link
75365605,https://drive.google.com/drive/folders/1TTdrWHnM2D37P6m5D2_pLYr1NSoJzfAZ?usp=drive_link
75365512,https://drive.google.com/drive/folders/1v15f_OqTDZrK-7yOgGO5p_ksKtuaoNMD?usp=drive_link
75365345,https://drive.google.com/drive/folders/1H806nwA7nPOXookUSlcq38OxCh1a9byi?usp=drive_link
75345946,https://drive.google.com/drive/folders/193P7cuvdOIeL5W6YxCcnDcdWF3uhLWou?usp=drive_link
75345901,https://drive.google.com/drive/folders/1voB1AXPtzbyJZ06CR3BI7O6mu6r6DhjK?usp=drive_link
75339570,https://drive.google.com/drive/folders/1NeK85S-kfw8l6knBNFE8SevMzTABLfCQ?usp=drive_link
75337785,https://drive.google.com/drive/folders/1B5roX-zIvbGqP414hYd4GyMEknbMlyNo?usp=drive_link
75337735,https://drive.google.com/drive/folders/12yRLpNsvgHaiE3iO7irr8TEceSbJgGXu?usp=drive_link
75337703,https://drive.google.com/drive/folders/1foVarmTeMPHDHJ5m_fldAaqtPC2Vj_-A?usp=drive_link
74280360,https://drive.google.com/drive/folders/1VOnCFR2T-UPQMPeNeYKBAMQgPLc2it7g?usp=drive_link
74280248,https://drive.google.com/drive/folders/1xLyk17RTVwdW1F2Rpmal8ZE5CRap8g_Z?usp=drive_link
74280108,https://drive.google.com/drive/folders/1t4TxJwtFKfrXieA5FjX4g4v9m2r3TYEH?usp=drive_link
74174174,https://drive.google.com/drive/folders/1c9-ENd2aUBvbAbrvc1vYF_kYQXE327mp?usp=drive_link
74073959,https://drive.google.com/drive/folders/1F-cV2EtjpRP17Qi_-sF7obtsN16xjPIj?usp=drive_link
74073633,https://drive.google.com/drive/folders/1D4hkM-MFw4NyBWiEoReL24uCtdFF5Fw8?usp=drive_link
74072928,https://drive.google.com/drive/folders/1S-5ZnVw06nfzkzt3n20GJS2Or3JtDr74?usp=drive_link
74034578,https://drive.google.com/drive/folders/1OxGq0OKSK6HpVV7H91L369w4xmqXgg8V?usp=drive_link
74034489,https://drive.google.com/drive/folders/1Ml11zDtfYnM7yS6yjazNJPi1YSh1Mbif?usp=drive_link
74034420,https://drive.google.com/drive/folders/1WJJaHF1w4MfICIImDVv0J6RcLOZ6SxPx?usp=drive_link
73982703,https://drive.google.com/drive/folders/1gsvZpWDrwoI2aY7SaBG4tFp1e0bnnLvG?usp=drive_link
73982559,https://drive.google.com/drive/folders/1Nly7nFzgzgag1wQGdpXXDp2lhf4CuMKf?usp=drive_link
73982484,https://drive.google.com/drive/folders/1NO5cmNGEl7XrvdVFXPfi3o_7tMk2LM9Y?usp=drive_link
73961671,https://drive.google.com/drive/folders/1AAhr5j7hGsAxX3J8-8NJk-eeJPReW34T?usp=drive_link
73961582,https://drive.google.com/drive/folders/11ygFoZZCrCV9HJRmUO6GBjmV4jLmV5SU?usp=drive_link
73961371,https://drive.google.com/drive/folders/1dFOlBsjqsg6YYGvaZQnMbYAzNNg3foDe?usp=drive_link
73862131,https://drive.google.com/drive/folders/1gAhEMrpw4RiqnzoVdl-51SW0PnrnZYfF?usp=drive_link
73826870,https://drive.google.com/drive/folders/1QIN5Wkk70u7kfIw_5UV4_wHJ3nMU9oxw?usp=drive_link
73687899,https://drive.google.com/drive/folders/1KHt6RN0_vPQrYxDUFngMoOcw_5jmaerz?usp=drive_link
73687856,https://drive.google.com/drive/folders/1KKbGTpjCj1By7XbEFYekqSrO1RRMIH26?usp=drive_link
73646306,https://drive.google.com/drive/folders/1Ax-6lcQHdgtRCsBniS6rp6xOV0VXtfwU?usp=drive_link
73627130,https://drive.google.com/drive/folders/1ttQNa9t72X9T55A00MbFf6XQjgydFZhD?usp=drive_link
73227901,https://drive.google.com/drive/folders/1SPyg2po3JKp_jiZZbSmEmrJgPzCW-N02?usp=drive_link
73210550,https://drive.google.com/drive/folders/1jOV9nBVzJ4cWN33HKXvNaRjqsj9qSNHo?usp=drive_link
73210467,https://drive.google.com/drive/folders/1uIWOhv1eUgGRDugK5eBnouhw781e84Q4?usp=drive_link
73210333,https://drive.google.com/drive/folders/1WN3qTBd3vLQvNE7-8Qvr9660-dJFmEGt?usp=drive_link
73093195,https://drive.google.com/drive/folders/118tSO5Djw5RRz3dhmVt3MFgy_HFN4poE?usp=drive_link
73092318,https://drive.google.com/drive/folders/1udug4gEnDit-B9jg-3EJC_oB8nlgYtCQ?usp=drive_link
73075369,https://drive.google.com/drive/folders/1Oe57uMjF7dIY82bZNX_vKLea1rTE3i0f?usp=drive_link
73075351,https://drive.google.com/drive/folders/1S-RjIpr3IKaGFtwyuLHdFgeeZzzI5-rA?usp=drive_link
73075257,https://drive.google.com/drive/folders/1R-QV7M_aM5gucN-MAQ3oWULGmkdQuzwi?usp=drive_link
73074968,https://drive.google.com/drive/folders/1MCv3teGZwcZEJLj1p1xCd3sp_kxLvnHb?usp=drive_link
73074491,https://drive.google.com/drive/folders/1GDYCm2h_7j4ucKu4Nw9IHig6WkZEdNrf?usp=drive_link
73074412,https://drive.google.com/drive/folders/1vuD80Pn_y7s8cHuXAOCwsgiauu0tWwY_?usp=drive_link
72950000,https://drive.google.com/drive/folders/1V1GTP9D78XtZ8Om-vzopKi4EKc8xjkWz?usp=drive_link
72872725,https://drive.google.com/drive/folders/1-gPP5oWLA7mRtWMm8H7OfvNjD7Mong5G?usp=drive_link
72872602,https://drive.google.com/drive/folders/1diAFhS8iCX0G7xJc3FyFflQxhJ4S4CLe?usp=drive_link
72872497,https://drive.google.com/drive/folders/1H0VmeLpHpJMiLW3f2thWAjbgn-FhwiSO?usp=drive_link
72872376,https://drive.google.com/drive/folders/1R43c6wtSp8Qm051Eoeea8TOqTuwemyG4?usp=drive_link
72872283,https://drive.google.com/drive/folders/1IzdGSv6snNtFfyATD_pL45Z1oC5fVVUw?usp=drive_link
72787286,https://drive.google.com/drive/folders/1-vMamATkGkSikvUmQkzvuxBaz8eBkZMM?usp=drive_link
72738571,https://drive.google.com/drive/folders/1QUlHpkqAhLRKaKakDCj1FdOHwgDcScde?usp=drive_link
72738541,https://drive.google.com/drive/folders/1WYHODoB3IRveFdKOe6N6NGgekiLbaoh8?usp=drive_link
72738487,https://drive.google.com/drive/folders/1rDnzmeyy3cwo7fTs5QwRUzJPloiSdwVK?usp=drive_link
72732449,https://drive.google.com/drive/folders/1LkPzyxY38Ro-ytvz8YDIBEDtBN_o1huc?usp=drive_link
72732417,https://drive.google.com/drive/folders/1CIidFUGCQVAuHosiF4mgyGwM6KCicNSk?usp=drive_link
72732373,https://drive.google.com/drive/folders/1GLEq4lghgOn4gvWZrlwMqb5qG7ZA1ckF?usp=drive_link
72729911,https://drive.google.com/drive/folders/1HgCRpLIg707DoxoVOaf9zCDQuZobiVRa?usp=drive_link
72719682,https://drive.google.com/drive/folders/1VT6pGIadGaTOMPgugzLbE2reaoA0ZkwZ?usp=drive_link
72712501,https://drive.google.com/drive/folders/1w0LGNiqRiMkBGKUCWozUM39gfeO4THsb?usp=drive_link
72675110,https://drive.google.com/drive/folders/17IIlYUEPBhXVdcEl-Ri-PpSu1jPOxhOF?usp=drive_link
72481772,https://drive.google.com/drive/folders/1or_gWXOAu6GZGWvcn7obtgqg9285hCsC?usp=drive_link
72481670,https://drive.google.com/drive/folders/1o5pug17IGlm1GyQnvjzSseQq25OZHwnl?usp=drive_link
72481539,https://drive.google.com/drive/folders/1DSmlcCGqVarlxh1gCb1wIZfS62dGbRtY?usp=drive_link
72477365,https://drive.google.com/drive/folders/14SKejY-JT0q6NFoq0dA8SL1KNyBJ-Vvg?usp=drive_link
72477323,https://drive.google.com/drive/folders/1Ot4oNpZMllPRn_MVgNcQj27cdtgaKJzA?usp=drive_link
72477279,https://drive.google.com/drive/folders/1drs-uCPp5FIR6Wo3FyOCxV-AlgHSJWwo?usp=drive_link
72477228,https://drive.google.com/drive/folders/1rJ6zQeZRMLXrHXzKoqK1mGfbcm8bMFSE?usp=drive_link
72477187,https://drive.google.com/drive/folders/1-swndZg02QWf05nf6P6k15PkSiM3CWu8?usp=drive_link
72477068,https://drive.google.com/drive/folders/1NQmRe2ewZ0m2mErRDpHhct-3qY_ThoDr?usp=drive_link
72476761,https://drive.google.com/drive/folders/1XTgoVpuPnv-ZtR18QFXLfGlpZYTSB7Gv?usp=drive_link
72476692,https://drive.google.com/drive/folders/1h2MtwLJxnsufh82iG9aRGPX5q-qWLVvI?usp=drive_link
72476643,https://drive.google.com/drive/folders/1AyaxCixcUHXAL-5nZCu8rKPtCK69L1oY?usp=drive_link
72476512,https://drive.google.com/drive/folders/15TmO9UwC2knuLZYabtdWQ23iEoh0AP6V?usp=drive_link
72469101,https://drive.google.com/drive/folders/1JAaHIRYXqpJ-voq-ijr4g5sKqvmFB31g?usp=drive_link
72469057,https://drive.google.com/drive/folders/17WnWL1rEtqswf4EYoFry1HyaKJ-Mx75U?usp=drive_link
72468989,https://drive.google.com/drive/folders/1Cnku_2KFpERyCgY_xOSl6QTmh3xpM9zu?usp=drive_link
72468924,https://drive.google.com/drive/folders/11hZ0uwaG360DdYoir1PK8EYMRRp4D5Zq?usp=drive_link
72467858,https://drive.google.com/drive/folders/1NCqVfPxZIWE5o_LpEi_LhHKhbdOvwO8v?usp=drive_link
72455133,https://drive.google.com/drive/folders/1LJZNIPuhe6PRFUOSr5gzjiYkHvADUhNG?usp=drive_link
72455009,https://drive.google.com/drive/folders/1xG6DvCU8k3cunbm9rVF3ZRpbtROhW18A?usp=drive_link
72426120,https://drive.google.com/drive/folders/1oEyGzeJPISUVdBK5szHvV74upbGLfdjs?usp=drive_link
72408164,https://drive.google.com/drive/folders/1rzokDq0wpYtFAirz1cqQcCtFKti-1lX4?usp=drive_link
72377573,https://drive.google.com/drive/folders/19KBuo77_VD385najbfrTje_D-EbheYZd?usp=drive_link
72377530,https://drive.google.com/drive/folders/1QaFBdzQCt4EVVcW4aXNhiHtHLkzG3KHd?usp=drive_link
72303580,https://drive.google.com/drive/folders/1Gthaw8a3sgot8Mwz9XEGlk5U4xsBODDh?usp=drive_link
72257156,https://drive.google.com/drive/folders/1imqw6dfFGzENolwHk1OwdpvfEtlAZXiU?usp=drive_link
72172553,https://drive.google.com/drive/folders/1rMx50usUubnhKP5zDKVtrwYYlQtmQho8?usp=drive_link
72172499,https://drive.google.com/drive/folders/1cs33Ba9u4pnH0g8YK9fjUxX6bmmxAIba?usp=drive_link
72103191,https://drive.google.com/drive/folders/1816JqWkSuwGUpp8JtI0brpuXDzH-TUyX?usp=drive_link
72103123,https://drive.google.com/drive/folders/1eW0KW_qFb6sTc7uuej7L0CxA-sqy1LhZ?usp=drive_link
72103012,https://drive.google.com/drive/folders/1Typ22EECwayGzltdiuOkOxtvPn4YSQGC?usp=drive_link
72044246,https://drive.google.com/drive/folders/16fxYlR1YnakfG45fyGQG22J8ZlG4go0s?usp=drive_link
72044204,https://drive.google.com/drive/folders/1KULxWhgktkTIznTI_hBfGm8kdEusJFY0?usp=drive_link
72044144,https://drive.google.com/drive/folders/1Z05ozSCLV-U65o_9qXkUzqHc1HvZQ4cm?usp=drive_link
72042855,https://drive.google.com/drive/folders/1BqeqqiUS0Tj_gHfCUNUCXFBcBWEybegi?usp=drive_link
72038887,https://drive.google.com/drive/folders/10FBiQBaCcBtbyZw-3YH2qLjZQcUVptgR?usp=drive_link
71901988,https://drive.google.com/drive/folders/1eTsMYmFxI7GNfY_HNpGhjoD5ZSwtFSa7?usp=drive_link
71897635,https://drive.google.com/drive/folders/166R0B5fi1pu9ogCwNt8YN0Zpy0Cnj146?usp=drive_link
71897536,https://drive.google.com/drive/folders/14z4wyMsH12JL5YT5V-NpKk8whd1WXl34?usp=drive_link
71897109,https://drive.google.com/drive/folders/1Mn62SWwTRzU3_B6v3ELsJEBkWa3ZeRqP?usp=drive_link
71896790,https://drive.google.com/drive/folders/1KgBS3aNo41UHdfcVRlQmB8BnMoX10-Ps?usp=drive_link
71896356,https://drive.google.com/drive/folders/1PeVyzLGX4i_GoKmF5RtBUyFH1gRdD5VX?usp=drive_link
69895242,https://drive.google.com/drive/folders/1zv93K3CwUXD9B3P44e74wygifXaPBszc?usp=drive_link
69895162,https://drive.google.com/drive/folders/1EgLoBADgQDn2nTn8ZzYFbrPpVB_6-zC0?usp=drive_link
69832325,https://drive.google.com/drive/folders/15pFrbvBoiKOT8DkQcEHFeIiDzgarKl2R?usp=drive_link
69829137,https://drive.google.com/drive/folders/1RyaLMwJafOHJOXvfXDRVdszPqOBITVMs?usp=drive_link
69828949,https://drive.google.com/drive/folders/1sJ8QMrur8J_4CKvapkMNws4G2T_v1d_b?usp=drive_link
69767086,https://drive.google.com/drive/folders/1vWpGW3MAufS5z0-dOls4VWuBlYqilDaU?usp=drive_link
69766994,https://drive.google.com/drive/folders/11HRRuyAgy-8AjkGklcCAqdX73eMvvx3g?usp=drive_link
69766944,https://drive.google.com/drive/folders/1uTNBOeCgF4AVxdGB10pHBPdIz250Frvj?usp=drive_link
69766909,https://drive.google.com/drive/folders/1QidGv5CM3Pg-NC3KOczGI-ZnIgb5EgLn?usp=drive_link
69609196,https://drive.google.com/drive/folders/10Fr6ka6SwL_IGj9a2jjdWZsSNceJgKKi?usp=drive_link
69609027,https://drive.google.com/drive/folders/1txrCdCn8Na1PoLkNv251mdSaH8v-KP3d?usp=drive_link
69608935,https://drive.google.com/drive/folders/1vsIYKM--gmJcz5NAcvBPFfOyxr-EBZg-?usp=drive_link
69608775,https://drive.google.com/drive/folders/13lv0l29NS3nSGyhYOzE_OteOuaw_k28A?usp=drive_link
69464893,https://drive.google.com/drive/folders/1ed8AltPA-d5dApXDH-l0VxVOlPASzJzp?usp=drive_link
69464877,https://drive.google.com/drive/folders/1E7I3wUXF5539Ewi8VkklHxPHhKlaj20j?usp=drive_link
69464853,https://drive.google.com/drive/folders/1XSKB-tl76hXSskBsJhSSzW5HduoiFBwL?usp=drive_link
69392188,https://drive.google.com/drive/folders/1x80UM5OlT-px8j6OIvAoqE9aIN0O4zZu?usp=drive_link
69392162,https://drive.google.com/drive/folders/1lOLYzXrcodBfMERpNr9dnqnW4mBIwstx?usp=drive_link
